{"Num_Met_Thresh":{"0":10,"1":5,"2":9,"3":13,"4":21,"5":18,"6":19,"7":23,"8":19,"9":20,"10":14,"11":13,"12":26,"13":32,"14":17,"15":26,"16":17,"17":16,"18":18,"19":12,"20":5,"21":9,"22":26,"23":14,"24":15,"25":17,"26":19,"27":18,"28":15,"29":26,"30":25,"31":19,"32":19,"33":22,"34":24,"35":17,"36":25,"37":19,"38":16},"Distance":{"0":[251.615412306,206.9150110405,241.4049547764,195.0087209906,201.0081011267,212.5566686105,252.1567739751,199.1915494613,226.8495969926,256.6047344741],"1":[248.5577146556,208.3654945948,253.5483112358,252.1073715181,180.2775637477],"2":[240.6599269302,196.6874985283,254.23579767,157.8255449446,225.8603958804,252.1713801695,242.6643196975,209.6846167357,252.9651176447],"3":[248.0498920935,252.1912230271,251.1052104499,236.2074206461,235.0011175799,224.6121174821,175.740928016,233.3802955703,238.6322328086,235.7165383605,220.2758896884,259.7771823147,252.0430176744],"4":[296.1821026216,297.6414289449,274.95099257,297.4437277622,297.221033574,297.1746347224,298.8872620271,298.334612901,294.0032414041,238.8918439018,298.7703777236,298.4237444342,299.6448311624,299.2133888362,298.6101294174,299.5652092098,297.9471923468,237.104530991,297.616503965,297.2911841275,251.0603068457],"5":[293.2292495778,286.6375520836,289.7841417641,296.9936291876,299.9020559218,299.7296549955,298.9451026422,299.9464197805,284.7421732128,296.9498147359,297.6484112387,299.57611481,299.7110947028,296.4918891438,297.7484517323,289.9096352982,298.728477383,291.4240025522],"6":[299.4884318753,292.2166801185,299.943309457,297.7693615603,298.610644645,297.0461983585,299.6475049067,299.4651409818,297.7326608736,299.5249080117,297.1191716308,298.6808459202,297.8547931476,297.8950913989,298.9899594332,244.1620599895,298.7049685804,289.7500988344,299.6749612336],"7":[281.9638420148,299.3894206337,298.4924094292,297.2510769223,294.4827147681,297.7823021739,297.5098792428,264.9972000504,299.4938025953,279.0638282998,298.0035425298,298.8467102803,299.1573491021,299.1305366088,298.6199720099,255.2771760581,299.944666227,299.2251787722,297.6354354141,297.4279799931,276.7635276786,299.0722473282,298.8455919701],"8":[299.3784710028,299.6387077461,293.9016158121,298.4252575435,298.9893819006,283.8470419298,298.349102617,298.508783785,299.1401890956,297.4351742789,298.8420061813,251.6456311582,299.3288017319,299.2505682005,296.9578812111,279.0784398533,214.8724935282,299.3937122076,198.0928147488],"9":[299.9658339086,299.4170246994,298.3460308828,297.4562498776,295.2986422005,298.2607848509,297.0340209474,290.9392938591,299.0751954539,229.2319851186,298.550805749,297.9395832692,250.6993446863,299.5978062528,299.8092587732,296.264269555,297.7975649038,296.5372287247,297.5415483799,269.3491695784],"10":[273.8893994586,280.7476422067,277.842091736,186.4961565483,270.2298324355,252.8974459639,279.3531060886,261.3987262344,265.3474329571,265.204971005,153.4253903832,234.1014187227,281.9503700013,195.6504033833],"11":[233.0103455845,183.9864957114,247.2883836943,234.5028575408,220.1997399136,234.9505558584,249.116759694,202.006807983,195.2080402833,225.7823678352,253.8271021436,206.3596036454,214.0396479443],"12":[299.5016815486,296.7137303916,298.9828761762,296.5877587322,296.133494098,299.1662311758,294.7485844049,298.3120126756,297.6846788491,288.2375219521,297.8844894183,298.2646369175,275.752542386,298.9487730805,272.9529168613,229.0950734389,297.5218940267,282.4158758989,294.8303691075,282.58692651,284.0258278395,263.698941833,240.7440097911,240.9170227393,258.0743189296,299.4269635332],"13":[296.6607479082,298.7892809177,298.8788214348,299.5398823089,297.4227249399,298.546462669,297.3706359567,299.5265840121,258.0809217069,296.9165469785,299.3362057637,297.6838422837,299.2362765242,298.3112699184,297.7799915946,296.9930096315,271.6902326933,298.7710436505,291.2584606156,299.4721644981,297.2027025295,292.9533422369,239.7034771177,298.7350629404,299.3596448872,269.1380082755,298.7464867754,293.3634409525,274.179100138,299.0335546349,299.9067627174,208.9443418578],"14":[203.8579437563,170.5157371188,211.3865053311,197.4450981741,210.0479620456,209.4617935652,167.2683746914,172.0315247197,193.4570280699,200.8919535395,168.1271316861,198.9840574214,211.783810734,156.3298887967,210.6596388071,194.4598745313,194.5073161187],"15":[254.4181866484,261.3266964042,261.9938470829,209.5682097382,208.0409154267,234.8611336495,227.3124139234,259.6228682395,253.2548368805,245.4533621038,255.2200966527,258.1240823639,253.8727273581,243.0315651956,222.4781629949,264.5822767101,264.5990167217,197.3374995627,260.7054660517,259.5735128826,257.307797699,240.8744422557,261.0836474103,264.7987747145,226.4037183887,249.5880415978],"16":[246.5399922608,246.7889924883,233.3440858185,210.2480337869,217.7007446886,244.1795750766,194.71354734,235.1850595015,240.5065426668,247.2578762833,244.781007956,239.0572529078,240.2501603406,223.1923095623,241.6825013353,192.7419553158,223.8306487907],"17":[241.4027936381,203.1921666159,244.9369684607,254.339187393,166.6235232552,237.4591283413,253.6548625104,241.7217717891,198.3613837711,233.3562143692,210.7448927567,247.5527653951,244.3176903368,253.1205647033,152.1030311566,251.0328310446],"18":[218.7189256938,244.6062487862,255.6738833936,239.1557836421,247.9929107438,251.1524910791,230.9418964142,224.8946008607,196.7657063147,256.6772762003,247.1124513328,255.0290079689,254.4128568454,246.8879641734,229.4609901769,254.4634261465,245.9650758312,226.9181010429],"19":[245.6166904483,247.7860402985,244.4011253196,246.7515597621,220.797497185,238.4122692609,217.286689748,175.0519413507,245.6668720805,209.4745540102,245.6993188752,245.0323547628],"20":[220.7238611738,244.441269875,259.2192920733,251.8423245441,232.7534878438],"21":[253.6139084228,258.9964929965,198.1130191748,255.6488784256,256.9736363736,225.1008202651,209.5483072586,257.3148430228,258.5279621933],"22":[297.0940019967,298.473749999,297.4742409152,299.5554836339,299.5113521677,299.4888642046,298.6205005138,298.5715142237,299.9402110033,299.382796094,299.8721944117,299.0924825797,298.5195813653,298.6828537933,297.6836285114,298.4110217547,298.8887700525,298.7058727088,299.1849798192,298.9378928466,297.4599000986,299.3648277032,299.7224119888,298.6839280912,299.8934984124,298.7894149495],"23":[299.1463030419,299.6457898348,256.7291215857,246.8728821212,179.9865106906,298.6402927291,299.6625041667,297.8550034585,298.4853577199,298.4165097801,277.1833653526,298.3542593316,298.780214269,298.442752977],"24":[249.2172044239,234.7158124827,197.3894596562,251.2929919629,254.1282127174,202.5085096296,237.0314707491,249.5780924509,245.7982986572,243.8179337582,241.6711754604,207.8525140131,255.0089794804,203.2394218324,251.7978396536],"25":[205.7007777995,208.383811667,202.8312424313,194.6205464234,211.3224129733,195.2930416437,174.0715633827,163.988291696,203.825656892,173.0059149081,192.586844724,209.1809925245,212.588581919,197.856349637,207.7911700699,198.235890006,197.2026204876],"26":[230.2906228798,239.1205941346,234.236755121,239.5067271293,224.0011964942,239.0528800357,237.1457969547,233.7533014451,238.1586541379,233.8227730452,223.2742120201,224.3753999795,241.0935198839,230.5536321282,234.3019494055,240.4366051749,221.4823459209,237.0898707849,233.7459271542],"27":[222.9362185891,221.8270705515,224.6055078328,224.1668625049,186.6904144157,164.4644306475,215.1502278132,203.5652189344,201.9188568108,209.9893014439,181.6214793668,209.6766114123,225.0944710334,189.7234341565,202.4760032875,224.4132605464,210.6816746522,192.1720293589],"28":[224.8915879717,159.5028322756,217.5858233312,220.7525230551,211.1668779292,223.3280095576,220.8596301225,202.2050442285,212.29642082,216.7300873284,189.1827189846,208.4819905961,213.4630489369,152.5090879314,174.1469570062],