{"NumClust":{"0":5.0},"States":{"0":[[956.5171733336,993.7400894984],[923.6438411024,940.4647590949],[930.8189782633,983.6013914395],[869.3817554812,995.7936101033],[898.6997686477,1008.8094585879],[901.882538663,979.5387535049],[955.999547903,962.0048461906],[955.0867019086,932.9581732353],[892.5650776045,953.8526999718],[1458.727033662,201.0315617138],[1466.7004288588,235.3575638902],[1492.9721611695,197.3035432078],[1500.9016850527,232.0376560554],[1486.5756301871,131.7029330777],[1535.6196770284,238.3608647484],[1467.3129797032,163.5097393115],[1535.057932487,155.9013605997],[1554.1934866789,182.613220657],[1510.834104586,171.8913773144],[1423.2407325047,229.5299050326],[1525.5757607519,203.3667105889],[1484.3137497564,269.9617590014],[1385.0030785964,1102.375067934],[1382.3106212184,1062.7025046979],[1393.510123315,1145.7342545619],[1339.7507441217,1054.1490153264],[1319.1241291769,1138.5775304807],[1310.6720820495,1068.3145139234],[1336.0525714801,1093.8137231134],[1356.6368532298,1154.5645304256],[1359.9881523989,1121.3679453798],[1788.0136441564,797.2749423462],[1748.4639773912,818.2935733099],[1792.5128422838,771.8607585012],[989.6701718167,1809.1544380287],[981.2731002352,1779.4775658363],[981.7989409449,1745.7526589108],[933.3496381776,1797.3537871696],[976.1070463216,1850.3563312175],[953.9318472394,1765.4644702913],[960.9954386585,1822.6596754304],[1761.4278827665,849.1088520684],[1820.0300035858,790.4695855403],[1717.9707012157,780.539668058],[1801.0097525598,741.8571188996],[1767.6737212511,753.7562199108],[1793.3175217639,710.3188860184],[1749.8180731129,719.4249095771],[1735.2375935268,750.3443307342],[1759.2415511115,788.8290134524]]}}